{
  "mae_mean": 7.632613536131799,
  "rmse_mean": 8.93464911242397,
  "avg_interval_width": 